Non-terminals/Terminals,TK_PLUS,TK_MINUS,TK_MUL,TK_DIV,TK_GT,TK_LT,TK_EQ,TK_NE,TK_LE,TK_GE,TK_AND,TK_OR,TK_NOT,TK_ASSIGNOP,TK_DOT,TK_COMMA,TK_COLON,TK_SEM,TK_OP,TK_CL,TK_SQL,TK_SQR,TK_ID,TK_FUNID,TK_FIELDID,TK_RUID,TK_NUM,TK_RNUM,TK_INT,TK_REAL,TK_LIST,TK_RECORD,TK_UNION,TK_TYPE,TK_IF,TK_THEN,TK_ELSE,TK_ENDIF,TK_WHILE,TK_ENDWHILE,TK_MAIN,TK_PARAMETERS,TK_PARAMETER,TK_GLOBAL,TK_RETURN,TK_CALL,TK_INPUT,TK_OUTPUT,TK_READ,TK_WRITE,TK_DEFINETYPE,TK_WITH,TK_AS,TK_END,TK_ENDRECORD,TK_ENDUNION,TK_COMMENT,EPS,END_OF_INPUT,
program,ERROR,ERROR,ERROR,ERROR,ERROR,ERROR,ERROR,ERROR,ERROR,ERROR,ERROR,ERROR,ERROR,ERROR,ERROR,ERROR,ERROR,SYN,ERROR,SYN,ERROR,SYN,ERROR,<program> ---> <otherFunctions> <mainFunction> ,ERROR,ERROR,ERROR,ERROR,ERROR,ERROR,ERROR,ERROR,ERROR,ERROR,ERROR,ERROR,SYN,SYN,ERROR,SYN,<program> ---> <otherFunctions> <mainFunction> ,ERROR,ERROR,ERROR,ERROR,ERROR,ERROR,ERROR,ERROR,ERROR,ERROR,ERROR,ERROR,SYN,SYN,SYN,ERROR,ERROR,SYN,
mainFunction,ERROR,ERROR,ERROR,ERROR,ERROR,ERROR,ERROR,ERROR,ERROR,ERROR,ERROR,ERROR,ERROR,ERROR,ERROR,ERROR,ERROR,SYN,ERROR,SYN,ERROR,SYN,ERROR,ERROR,ERROR,ERROR,ERROR,ERROR,ERROR,ERROR,ERROR,ERROR,ERROR,ERROR,ERROR,ERROR,SYN,SYN,ERROR,SYN,<mainFunction> ---> TK_MAIN <stmts> TK_END ,ERROR,ERROR,ERROR,ERROR,ERROR,ERROR,ERROR,ERROR,ERROR,ERROR,ERROR,ERROR,SYN,SYN,SYN,ERROR,ERROR,ERROR,
otherFunctions,ERROR,ERROR,ERROR,ERROR,ERROR,ERROR,ERROR,ERROR,ERROR,ERROR,ERROR,ERROR,ERROR,ERROR,ERROR,ERROR,ERROR,SYN,ERROR,SYN,ERROR,SYN,ERROR,<otherFunctions> ---> <function> <otherFunctions> ,ERROR,ERROR,ERROR,ERROR,ERROR,ERROR,ERROR,ERROR,ERROR,ERROR,ERROR,ERROR,SYN,SYN,ERROR,SYN,<otherFunctions> ---> EPS ,ERROR,ERROR,ERROR,ERROR,ERROR,ERROR,ERROR,ERROR,ERROR,ERROR,ERROR,ERROR,SYN,SYN,SYN,ERROR,ERROR,ERROR,
function,ERROR,ERROR,ERROR,ERROR,ERROR,ERROR,ERROR,ERROR,ERROR,ERROR,ERROR,ERROR,ERROR,ERROR,ERROR,ERROR,ERROR,SYN,ERROR,SYN,ERROR,SYN,ERROR,<function> ---> TK_FUNID <input_par> <output_par> TK_SEM <stmts> TK_END ,ERROR,ERROR,ERROR,ERROR,ERROR,ERROR,ERROR,ERROR,ERROR,ERROR,ERROR,ERROR,SYN,SYN,ERROR,SYN,ERROR,ERROR,ERROR,ERROR,ERROR,ERROR,ERROR,ERROR,ERROR,ERROR,ERROR,ERROR,ERROR,SYN,SYN,SYN,ERROR,ERROR,ERROR,
stmts,ERROR,ERROR,ERROR,ERROR,ERROR,ERROR,ERROR,ERROR,ERROR,ERROR,ERROR,ERROR,ERROR,ERROR,ERROR,ERROR,ERROR,SYN,ERROR,SYN,<stmts> ---> <typeDefinitions> <declarations> <otherStmts> <returnStmt> ,SYN,<stmts> ---> <typeDefinitions> <declarations> <otherStmts> <returnStmt> ,ERROR,ERROR,ERROR,ERROR,ERROR,ERROR,ERROR,ERROR,<stmts> ---> <typeDefinitions> <declarations> <otherStmts> <returnStmt> ,<stmts> ---> <typeDefinitions> <declarations> <otherStmts> <returnStmt> ,<stmts> ---> <typeDefinitions> <declarations> <otherStmts> <returnStmt> ,<stmts> ---> <typeDefinitions> <declarations> <otherStmts> <returnStmt> ,ERROR,SYN,SYN,<stmts> ---> <typeDefinitions> <declarations> <otherStmts> <returnStmt> ,SYN,ERROR,ERROR,ERROR,ERROR,<stmts> ---> <typeDefinitions> <declarations> <otherStmts> <returnStmt> ,<stmts> ---> <typeDefinitions> <declarations> <otherStmts> <returnStmt> ,ERROR,ERROR,<stmts> ---> <typeDefinitions> <declarations> <otherStmts> <returnStmt> ,<stmts> ---> <typeDefinitions> <declarations> <otherStmts> <returnStmt> ,<stmts> ---> <typeDefinitions> <declarations> <otherStmts> <returnStmt> ,ERROR,ERROR,SYN,SYN,SYN,ERROR,ERROR,ERROR,
otherStmts,ERROR,ERROR,ERROR,ERROR,ERROR,ERROR,ERROR,ERROR,ERROR,ERROR,ERROR,ERROR,ERROR,ERROR,ERROR,ERROR,ERROR,SYN,ERROR,SYN,<otherStmts> ---> <stmt> <otherStmts> ,SYN,<otherStmts> ---> <stmt> <otherStmts> ,ERROR,ERROR,ERROR,ERROR,ERROR,ERROR,ERROR,ERROR,ERROR,ERROR,ERROR,<otherStmts> ---> <stmt> <otherStmts> ,ERROR,<otherStmts> ---> EPS ,<otherStmts> ---> EPS ,<otherStmts> ---> <stmt> <otherStmts> ,<otherStmts> ---> EPS ,ERROR,ERROR,ERROR,ERROR,<otherStmts> ---> EPS ,<otherStmts> ---> <stmt> <otherStmts> ,ERROR,ERROR,<otherStmts> ---> <stmt> <otherStmts> ,<otherStmts> ---> <stmt> <otherStmts> ,ERROR,ERROR,ERROR,SYN,SYN,SYN,ERROR,ERROR,ERROR,
stmt,ERROR,ERROR,ERROR,ERROR,ERROR,ERROR,ERROR,ERROR,ERROR,ERROR,ERROR,ERROR,ERROR,ERROR,ERROR,ERROR,ERROR,SYN,ERROR,SYN,<stmt> ---> <funCallStmt> ,SYN,<stmt> ---> <assignmentStmt> ,ERROR,ERROR,ERROR,ERROR,ERROR,ERROR,ERROR,ERROR,ERROR,ERROR,ERROR,<stmt> ---> <conditionalStmt> ,ERROR,SYN,SYN,<stmt> ---> <iterativeStmt> ,SYN,ERROR,ERROR,ERROR,ERROR,SYN,<stmt> ---> <funCallStmt> ,ERROR,ERROR,<stmt> ---> <ioStmt> ,<stmt> ---> <ioStmt> ,ERROR,ERROR,ERROR,SYN,SYN,SYN,ERROR,ERROR,ERROR,
parameter_list,ERROR,ERROR,ERROR,ERROR,ERROR,ERROR,ERROR,ERROR,ERROR,ERROR,ERROR,ERROR,ERROR,ERROR,ERROR,ERROR,ERROR,SYN,ERROR,SYN,ERROR,SYN,ERROR,ERROR,ERROR,<parameter_list> ---> <dataType> TK_ID <remaining_list> ,ERROR,ERROR,<parameter_list> ---> <dataType> TK_ID <remaining_list> ,<parameter_list> ---> <dataType> TK_ID <remaining_list> ,ERROR,<parameter_list> ---> <dataType> TK_ID <remaining_list> ,<parameter_list> ---> <dataType> TK_ID <remaining_list> ,ERROR,ERROR,ERROR,SYN,SYN,ERROR,SYN,ERROR,ERROR,ERROR,ERROR,ERROR,ERROR,ERROR,ERROR,ERROR,ERROR,ERROR,ERROR,ERROR,SYN,SYN,SYN,ERROR,ERROR,ERROR,
input_par,ERROR,ERROR,ERROR,ERROR,ERROR,ERROR,ERROR,ERROR,ERROR,ERROR,ERROR,ERROR,ERROR,ERROR,ERROR,ERROR,ERROR,SYN,ERROR,SYN,ERROR,SYN,ERROR,ERROR,ERROR,ERROR,ERROR,ERROR,ERROR,ERROR,ERROR,ERROR,ERROR,ERROR,ERROR,ERROR,SYN,SYN,ERROR,SYN,ERROR,ERROR,ERROR,ERROR,ERROR,ERROR,<input_par> ---> TK_INPUT TK_PARAMETER TK_LIST TK_SQL <parameter_list> TK_SQR ,ERROR,ERROR,ERROR,ERROR,ERROR,ERROR,SYN,SYN,SYN,ERROR,ERROR,ERROR,
output_par,ERROR,ERROR,ERROR,ERROR,ERROR,ERROR,ERROR,ERROR,ERROR,ERROR,ERROR,ERROR,ERROR,ERROR,ERROR,ERROR,ERROR,<output_par> ---> EPS ,ERROR,SYN,ERROR,SYN,ERROR,ERROR,ERROR,ERROR,ERROR,ERROR,ERROR,ERROR,ERROR,ERROR,ERROR,ERROR,ERROR,ERROR,SYN,SYN,ERROR,SYN,ERROR,ERROR,ERROR,ERROR,ERROR,ERROR,ERROR,<output_par> ---> TK_OUTPUT TK_PARAMETER TK_LIST TK_SQL <parameter_list> TK_SQR ,ERROR,ERROR,ERROR,ERROR,ERROR,SYN,SYN,SYN,ERROR,ERROR,ERROR,
inputParameters,ERROR,ERROR,ERROR,ERROR,ERROR,ERROR,ERROR,ERROR,ERROR,ERROR,ERROR,ERROR,ERROR,ERROR,ERROR,ERROR,ERROR,SYN,ERROR,SYN,<inputParameters> ---> TK_SQL <idList> TK_SQR ,SYN,ERROR,ERROR,ERROR,ERROR,ERROR,ERROR,ERROR,ERROR,ERROR,ERROR,ERROR,ERROR,ERROR,ERROR,SYN,SYN,ERROR,SYN,ERROR,ERROR,ERROR,ERROR,ERROR,ERROR,ERROR,ERROR,ERROR,ERROR,ERROR,ERROR,ERROR,SYN,SYN,SYN,ERROR,ERROR,ERROR,
outputParameters,ERROR,ERROR,ERROR,ERROR,ERROR,ERROR,ERROR,ERROR,ERROR,ERROR,ERROR,ERROR,ERROR,ERROR,ERROR,ERROR,ERROR,SYN,ERROR,SYN,<outputParameters> ---> TK_SQL <idList> TK_SQR TK_ASSIGNOP ,SYN,ERROR,ERROR,ERROR,ERROR,ERROR,ERROR,ERROR,ERROR,ERROR,ERROR,ERROR,ERROR,ERROR,ERROR,SYN,SYN,ERROR,SYN,ERROR,ERROR,ERROR,ERROR,ERROR,<outputParameters> ---> EPS ,ERROR,ERROR,ERROR,ERROR,ERROR,ERROR,ERROR,SYN,SYN,SYN,ERROR,ERROR,ERROR,
declarations,ERROR,ERROR,ERROR,ERROR,ERROR,ERROR,ERROR,ERROR,ERROR,ERROR,ERROR,ERROR,ERROR,ERROR,ERROR,ERROR,ERROR,SYN,ERROR,SYN,<declarations> ---> EPS ,SYN,<declarations> ---> EPS ,ERROR,ERROR,ERROR,ERROR,ERROR,ERROR,ERROR,ERROR,ERROR,ERROR,<declarations> ---> <declaration> <declarations> ,<declarations> ---> EPS ,ERROR,SYN,SYN,<declarations> ---> EPS ,SYN,ERROR,ERROR,ERROR,ERROR,<declarations> ---> EPS ,<declarations> ---> EPS ,ERROR,ERROR,<declarations> ---> EPS ,<declarations> ---> EPS ,ERROR,ERROR,ERROR,SYN,SYN,SYN,ERROR,ERROR,ERROR,
declaration,ERROR,ERROR,ERROR,ERROR,ERROR,ERROR,ERROR,ERROR,ERROR,ERROR,ERROR,ERROR,ERROR,ERROR,ERROR,ERROR,ERROR,SYN,ERROR,SYN,ERROR,SYN,ERROR,ERROR,ERROR,ERROR,ERROR,ERROR,ERROR,ERROR,ERROR,ERROR,ERROR,<declaration> ---> TK_TYPE <dataType> TK_COLON TK_ID <global_or_not> TK_SEM ,ERROR,ERROR,SYN,SYN,ERROR,SYN,ERROR,ERROR,ERROR,ERROR,ERROR,ERROR,ERROR,ERROR,ERROR,ERROR,ERROR,ERROR,ERROR,SYN,SYN,SYN,ERROR,ERROR,ERROR,
global_or_not,ERROR,ERROR,ERROR,ERROR,ERROR,ERROR,ERROR,ERROR,ERROR,ERROR,ERROR,ERROR,ERROR,ERROR,ERROR,ERROR,<global_or_not> ---> TK_COLON TK_GLOBAL ,<global_or_not> ---> EPS ,ERROR,SYN,ERROR,SYN,ERROR,ERROR,ERROR,ERROR,ERROR,ERROR,ERROR,ERROR,ERROR,ERROR,ERROR,ERROR,ERROR,ERROR,SYN,SYN,ERROR,SYN,ERROR,ERROR,ERROR,ERROR,ERROR,ERROR,ERROR,ERROR,ERROR,ERROR,ERROR,ERROR,ERROR,SYN,SYN,SYN,ERROR,ERROR,ERROR,
dataType,ERROR,ERROR,ERROR,ERROR,ERROR,ERROR,ERROR,ERROR,ERROR,ERROR,ERROR,ERROR,ERROR,ERROR,ERROR,ERROR,SYN,SYN,ERROR,SYN,ERROR,SYN,SYN,ERROR,ERROR,<dataType> ---> <constructedDatatype> ,ERROR,ERROR,<dataType> ---> <primitiveDatatype> ,<dataType> ---> <primitiveDatatype> ,ERROR,<dataType> ---> <constructedDatatype> ,<dataType> ---> <constructedDatatype> ,ERROR,ERROR,ERROR,SYN,SYN,ERROR,SYN,ERROR,ERROR,ERROR,ERROR,ERROR,ERROR,ERROR,ERROR,ERROR,ERROR,ERROR,ERROR,ERROR,SYN,SYN,SYN,ERROR,ERROR,ERROR,
primitiveDatatype,ERROR,ERROR,ERROR,ERROR,ERROR,ERROR,ERROR,ERROR,ERROR,ERROR,ERROR,ERROR,ERROR,ERROR,ERROR,ERROR,ERROR,SYN,ERROR,SYN,ERROR,SYN,ERROR,ERROR,ERROR,ERROR,ERROR,ERROR,<primitiveDatatype> ---> TK_INT ,<primitiveDatatype> ---> TK_REAL ,ERROR,ERROR,ERROR,ERROR,ERROR,ERROR,SYN,SYN,ERROR,SYN,ERROR,ERROR,ERROR,ERROR,ERROR,ERROR,ERROR,ERROR,ERROR,ERROR,ERROR,ERROR,ERROR,SYN,SYN,SYN,ERROR,ERROR,ERROR,
constructedDatatype,ERROR,ERROR,ERROR,ERROR,ERROR,ERROR,ERROR,ERROR,ERROR,ERROR,ERROR,ERROR,ERROR,ERROR,ERROR,ERROR,ERROR,SYN,ERROR,SYN,ERROR,SYN,ERROR,ERROR,ERROR,<constructedDatatype> ---> TK_RUID ,ERROR,ERROR,ERROR,ERROR,ERROR,<constructedDatatype> ---> TK_RECORD TK_RUID ,<constructedDatatype> ---> TK_UNION TK_RUID ,ERROR,ERROR,ERROR,SYN,SYN,ERROR,SYN,ERROR,ERROR,ERROR,ERROR,ERROR,ERROR,ERROR,ERROR,ERROR,ERROR,ERROR,ERROR,ERROR,SYN,SYN,SYN,ERROR,ERROR,ERROR,
typeDefinitions,ERROR,ERROR,ERROR,ERROR,ERROR,ERROR,ERROR,ERROR,ERROR,ERROR,ERROR,ERROR,ERROR,ERROR,ERROR,ERROR,ERROR,SYN,ERROR,SYN,<typeDefinitions> ---> EPS ,SYN,<typeDefinitions> ---> EPS ,ERROR,ERROR,ERROR,ERROR,ERROR,ERROR,ERROR,ERROR,<typeDefinitions> ---> <actualOrRedefined> <typeDefinitions> ,<typeDefinitions> ---> <actualOrRedefined> <typeDefinitions> ,<typeDefinitions> ---> EPS ,<typeDefinitions> ---> EPS ,ERROR,SYN,SYN,<typeDefinitions> ---> EPS ,SYN,ERROR,ERROR,ERROR,ERROR,<typeDefinitions> ---> EPS ,<typeDefinitions> ---> EPS ,ERROR,ERROR,<typeDefinitions> ---> EPS ,<typeDefinitions> ---> EPS ,<typeDefinitions> ---> <actualOrRedefined> <typeDefinitions> ,ERROR,ERROR,SYN,SYN,SYN,ERROR,ERROR,ERROR,
typeDefinition,ERROR,ERROR,ERROR,ERROR,ERROR,ERROR,ERROR,ERROR,ERROR,ERROR,ERROR,ERROR,ERROR,ERROR,ERROR,ERROR,ERROR,SYN,ERROR,SYN,ERROR,SYN,ERROR,ERROR,ERROR,ERROR,ERROR,ERROR,ERROR,ERROR,ERROR,<typeDefinition> ---> TK_RECORD TK_RUID <fieldDefinitions> TK_ENDRECORD ,<typeDefinition> ---> TK_UNION TK_RUID <fieldDefinitions> TK_ENDUNION ,ERROR,ERROR,ERROR,SYN,SYN,ERROR,SYN,ERROR,ERROR,ERROR,ERROR,ERROR,ERROR,ERROR,ERROR,ERROR,ERROR,ERROR,ERROR,ERROR,SYN,SYN,SYN,ERROR,ERROR,ERROR,
definetypestmt,ERROR,ERROR,ERROR,ERROR,ERROR,ERROR,ERROR,ERROR,ERROR,ERROR,ERROR,ERROR,ERROR,ERROR,ERROR,ERROR,ERROR,SYN,ERROR,SYN,ERROR,SYN,ERROR,ERROR,ERROR,ERROR,ERROR,ERROR,ERROR,ERROR,ERROR,ERROR,ERROR,ERROR,ERROR,ERROR,SYN,SYN,ERROR,SYN,ERROR,ERROR,ERROR,ERROR,ERROR,ERROR,ERROR,ERROR,ERROR,ERROR,<definetypestmt> ---> TK_DEFINETYPE <A> TK_RUID TK_AS TK_RUID ,ERROR,ERROR,SYN,SYN,SYN,ERROR,ERROR,ERROR,
actualOrRedefined,ERROR,ERROR,ERROR,ERROR,ERROR,ERROR,ERROR,ERROR,ERROR,ERROR,ERROR,ERROR,ERROR,ERROR,ERROR,ERROR,ERROR,SYN,ERROR,SYN,SYN,SYN,SYN,ERROR,ERROR,ERROR,ERROR,ERROR,ERROR,ERROR,ERROR,<actualOrRedefined> ---> <typeDefinition> ,<actualOrRedefined> ---> <typeDefinition> ,SYN,SYN,ERROR,SYN,SYN,SYN,SYN,ERROR,ERROR,ERROR,ERROR,SYN,SYN,ERROR,ERROR,SYN,SYN,<actualOrRedefined> ---> <definetypestmt> ,ERROR,ERROR,SYN,SYN,SYN,ERROR,ERROR,ERROR,
fieldDefinitions,ERROR,ERROR,ERROR,ERROR,ERROR,ERROR,ERROR,ERROR,ERROR,ERROR,ERROR,ERROR,ERROR,ERROR,ERROR,ERROR,ERROR,SYN,ERROR,SYN,ERROR,SYN,ERROR,ERROR,ERROR,ERROR,ERROR,ERROR,ERROR,ERROR,ERROR,ERROR,ERROR,<fieldDefinitions> ---> <fieldDefinition> <fieldDefinition> <moreFields> ,ERROR,ERROR,SYN,SYN,ERROR,SYN,ERROR,ERROR,ERROR,ERROR,ERROR,ERROR,ERROR,ERROR,ERROR,ERROR,ERROR,ERROR,ERROR,SYN,SYN,SYN,ERROR,ERROR,ERROR,
fieldDefinition,ERROR,ERROR,ERROR,ERROR,ERROR,ERROR,ERROR,ERROR,ERROR,ERROR,ERROR,ERROR,ERROR,ERROR,ERROR,ERROR,ERROR,SYN,ERROR,SYN,ERROR,SYN,ERROR,ERROR,ERROR,ERROR,ERROR,ERROR,ERROR,ERROR,ERROR,ERROR,ERROR,<fieldDefinition> ---> TK_TYPE <fieldtype> TK_COLON TK_FIELDID TK_SEM ,ERROR,ERROR,SYN,SYN,ERROR,SYN,ERROR,ERROR,ERROR,ERROR,ERROR,ERROR,ERROR,ERROR,ERROR,ERROR,ERROR,ERROR,ERROR,SYN,SYN,SYN,ERROR,ERROR,ERROR,
fieldtype,ERROR,ERROR,ERROR,ERROR,ERROR,ERROR,ERROR,ERROR,ERROR,ERROR,ERROR,ERROR,ERROR,ERROR,ERROR,ERROR,SYN,SYN,ERROR,SYN,ERROR,SYN,ERROR,ERROR,ERROR,<fieldtype> ---> <constructedDatatype> ,ERROR,ERROR,<fieldtype> ---> <primitiveDatatype> ,<fieldtype> ---> <primitiveDatatype> ,ERROR,<fieldtype> ---> <constructedDatatype> ,<fieldtype> ---> <constructedDatatype> ,ERROR,ERROR,ERROR,SYN,SYN,ERROR,SYN,ERROR,ERROR,ERROR,ERROR,ERROR,ERROR,ERROR,ERROR,ERROR,ERROR,ERROR,ERROR,ERROR,SYN,SYN,SYN,ERROR,ERROR,ERROR,
moreFields,ERROR,ERROR,ERROR,ERROR,ERROR,ERROR,ERROR,ERROR,ERROR,ERROR,ERROR,ERROR,ERROR,ERROR,ERROR,ERROR,ERROR,SYN,ERROR,SYN,ERROR,SYN,ERROR,ERROR,ERROR,ERROR,ERROR,ERROR,ERROR,ERROR,ERROR,ERROR,ERROR,<moreFields> ---> <fieldDefinition> <moreFields> ,ERROR,ERROR,SYN,SYN,ERROR,SYN,ERROR,ERROR,ERROR,ERROR,ERROR,ERROR,ERROR,ERROR,ERROR,ERROR,ERROR,ERROR,ERROR,SYN,<moreFields> ---> EPS ,<moreFields> ---> EPS ,ERROR,ERROR,ERROR,
assignmentStmt,ERROR,ERROR,ERROR,ERROR,ERROR,ERROR,ERROR,ERROR,ERROR,ERROR,ERROR,ERROR,ERROR,ERROR,ERROR,ERROR,ERROR,SYN,ERROR,SYN,SYN,SYN,<assignmentStmt> ---> <singleOrRecId> TK_ASSIGNOP <arithmeticExpression> TK_SEM ,ERROR,ERROR,ERROR,ERROR,ERROR,ERROR,ERROR,ERROR,ERROR,ERROR,ERROR,SYN,ERROR,SYN,SYN,SYN,SYN,ERROR,ERROR,ERROR,ERROR,SYN,SYN,ERROR,ERROR,SYN,SYN,ERROR,ERROR,ERROR,SYN,SYN,SYN,ERROR,ERROR,ERROR,
funCallStmt,ERROR,ERROR,ERROR,ERROR,ERROR,ERROR,ERROR,ERROR,ERROR,ERROR,ERROR,ERROR,ERROR,ERROR,ERROR,ERROR,ERROR,SYN,ERROR,SYN,<funCallStmt> ---> <outputParameters> TK_CALL TK_FUNID TK_WITH TK_PARAMETERS <inputParameters> TK_SEM ,SYN,ERROR,ERROR,ERROR,ERROR,ERROR,ERROR,ERROR,ERROR,ERROR,ERROR,ERROR,ERROR,ERROR,ERROR,SYN,SYN,ERROR,SYN,ERROR,ERROR,ERROR,ERROR,ERROR,<funCallStmt> ---> <outputParameters> TK_CALL TK_FUNID TK_WITH TK_PARAMETERS <inputParameters> TK_SEM ,ERROR,ERROR,ERROR,ERROR,ERROR,ERROR,ERROR,SYN,SYN,SYN,ERROR,ERROR,ERROR,
iterativeStmt,ERROR,ERROR,ERROR,ERROR,ERROR,ERROR,ERROR,ERROR,ERROR,ERROR,ERROR,ERROR,ERROR,ERROR,ERROR,ERROR,ERROR,SYN,ERROR,SYN,ERROR,SYN,ERROR,ERROR,ERROR,ERROR,ERROR,ERROR,ERROR,ERROR,ERROR,ERROR,ERROR,ERROR,ERROR,ERROR,SYN,SYN,<iterativeStmt> ---> TK_WHILE TK_OP <booleanExpression> TK_CL <stmt> <otherStmts> TK_ENDWHILE ,SYN,ERROR,ERROR,ERROR,ERROR,ERROR,ERROR,ERROR,ERROR,ERROR,ERROR,ERROR,ERROR,ERROR,SYN,SYN,SYN,ERROR,ERROR,ERROR,
conditionalStmt,ERROR,ERROR,ERROR,ERROR,ERROR,ERROR,ERROR,ERROR,ERROR,ERROR,ERROR,ERROR,ERROR,ERROR,ERROR,ERROR,ERROR,SYN,ERROR,SYN,ERROR,SYN,ERROR,ERROR,ERROR,ERROR,ERROR,ERROR,ERROR,ERROR,ERROR,ERROR,ERROR,ERROR,<conditionalStmt> ---> TK_IF TK_OP <booleanExpression> TK_CL TK_THEN <stmt> <otherStmts> <elsePart> ,ERROR,SYN,SYN,ERROR,SYN,ERROR,ERROR,ERROR,ERROR,ERROR,ERROR,ERROR,ERROR,ERROR,ERROR,ERROR,ERROR,ERROR,SYN,SYN,SYN,ERROR,ERROR,ERROR,
ioStmt,ERROR,ERROR,ERROR,ERROR,ERROR,ERROR,ERROR,ERROR,ERROR,ERROR,ERROR,ERROR,ERROR,ERROR,ERROR,ERROR,ERROR,SYN,ERROR,SYN,ERROR,SYN,ERROR,ERROR,ERROR,ERROR,ERROR,ERROR,ERROR,ERROR,ERROR,ERROR,ERROR,ERROR,ERROR,ERROR,SYN,SYN,ERROR,SYN,ERROR,ERROR,ERROR,ERROR,ERROR,ERROR,ERROR,ERROR,<ioStmt> ---> TK_READ TK_OP <var> TK_CL TK_SEM ,<ioStmt> ---> TK_WRITE TK_OP <var> TK_CL TK_SEM ,ERROR,ERROR,ERROR,SYN,SYN,SYN,ERROR,ERROR,ERROR,
returnStmt,ERROR,ERROR,ERROR,ERROR,ERROR,ERROR,ERROR,ERROR,ERROR,ERROR,ERROR,ERROR,ERROR,ERROR,ERROR,ERROR,ERROR,SYN,ERROR,SYN,ERROR,SYN,ERROR,ERROR,ERROR,ERROR,ERROR,ERROR,ERROR,ERROR,ERROR,ERROR,ERROR,ERROR,ERROR,ERROR,SYN,SYN,ERROR,SYN,ERROR,ERROR,ERROR,ERROR,<returnStmt> ---> TK_RETURN <optionalReturn> TK_SEM ,ERROR,ERROR,ERROR,ERROR,ERROR,ERROR,ERROR,ERROR,SYN,SYN,SYN,ERROR,ERROR,ERROR,
optionalReturn,ERROR,ERROR,ERROR,ERROR,ERROR,ERROR,ERROR,ERROR,ERROR,ERROR,ERROR,ERROR,ERROR,ERROR,ERROR,ERROR,ERROR,<optionalReturn> ---> EPS ,ERROR,SYN,<optionalReturn> ---> TK_SQL <idList> TK_SQR ,SYN,ERROR,ERROR,ERROR,ERROR,ERROR,ERROR,ERROR,ERROR,ERROR,ERROR,ERROR,ERROR,ERROR,ERROR,SYN,SYN,ERROR,SYN,ERROR,ERROR,ERROR,ERROR,ERROR,ERROR,ERROR,ERROR,ERROR,ERROR,ERROR,ERROR,ERROR,SYN,SYN,SYN,ERROR,ERROR,ERROR,
elsePart,ERROR,ERROR,ERROR,ERROR,ERROR,ERROR,ERROR,ERROR,ERROR,ERROR,ERROR,ERROR,ERROR,ERROR,ERROR,ERROR,ERROR,SYN,ERROR,SYN,ERROR,SYN,ERROR,ERROR,ERROR,ERROR,ERROR,ERROR,ERROR,ERROR,ERROR,ERROR,ERROR,ERROR,ERROR,ERROR,<elsePart> ---> TK_ELSE <stmt> <otherStmts> TK_ENDIF ,<elsePart> ---> TK_ENDIF ,ERROR,SYN,ERROR,ERROR,ERROR,ERROR,ERROR,ERROR,ERROR,ERROR,ERROR,ERROR,ERROR,ERROR,ERROR,SYN,SYN,SYN,ERROR,ERROR,ERROR,
arithmeticExpression,ERROR,ERROR,ERROR,ERROR,ERROR,ERROR,ERROR,ERROR,ERROR,ERROR,ERROR,ERROR,ERROR,ERROR,ERROR,ERROR,ERROR,SYN,<arithmeticExpression> ---> <term> <expPrime> ,SYN,ERROR,SYN,<arithmeticExpression> ---> <term> <expPrime> ,ERROR,ERROR,ERROR,<arithmeticExpression> ---> <term> <expPrime> ,<arithmeticExpression> ---> <term> <expPrime> ,ERROR,ERROR,ERROR,ERROR,ERROR,ERROR,ERROR,ERROR,SYN,SYN,ERROR,SYN,ERROR,ERROR,ERROR,ERROR,ERROR,ERROR,ERROR,ERROR,ERROR,ERROR,ERROR,ERROR,ERROR,SYN,SYN,SYN,ERROR,ERROR,ERROR,
expPrime,<expPrime> ---> <lowPrecedenceOperators> <term> <expPrime> ,<expPrime> ---> <lowPrecedenceOperators> <term> <expPrime> ,ERROR,ERROR,ERROR,ERROR,ERROR,ERROR,ERROR,ERROR,ERROR,ERROR,ERROR,ERROR,ERROR,ERROR,ERROR,<expPrime> ---> EPS ,ERROR,<expPrime> ---> EPS ,ERROR,SYN,ERROR,ERROR,ERROR,ERROR,ERROR,ERROR,ERROR,ERROR,ERROR,ERROR,ERROR,ERROR,ERROR,ERROR,SYN,SYN,ERROR,SYN,ERROR,ERROR,ERROR,ERROR,ERROR,ERROR,ERROR,ERROR,ERROR,ERROR,ERROR,ERROR,ERROR,SYN,SYN,SYN,ERROR,ERROR,ERROR,
term,SYN,SYN,ERROR,ERROR,ERROR,ERROR,ERROR,ERROR,ERROR,ERROR,ERROR,ERROR,ERROR,ERROR,ERROR,ERROR,ERROR,SYN,<term> ---> <factor> <termPrime> ,SYN,ERROR,SYN,<term> ---> <factor> <termPrime> ,ERROR,ERROR,ERROR,<term> ---> <factor> <termPrime> ,<term> ---> <factor> <termPrime> ,ERROR,ERROR,ERROR,ERROR,ERROR,ERROR,ERROR,ERROR,SYN,SYN,ERROR,SYN,ERROR,ERROR,ERROR,ERROR,ERROR,ERROR,ERROR,ERROR,ERROR,ERROR,ERROR,ERROR,ERROR,SYN,SYN,SYN,ERROR,ERROR,ERROR,
termPrime,<termPrime> ---> EPS ,<termPrime> ---> EPS ,<termPrime> ---> <highPrecedenceOperators> <factor> <termPrime> ,<termPrime> ---> <highPrecedenceOperators> <factor> <termPrime> ,ERROR,ERROR,ERROR,ERROR,ERROR,ERROR,ERROR,ERROR,ERROR,ERROR,ERROR,ERROR,ERROR,<termPrime> ---> EPS ,ERROR,<termPrime> ---> EPS ,ERROR,SYN,ERROR,ERROR,ERROR,ERROR,ERROR,ERROR,ERROR,ERROR,ERROR,ERROR,ERROR,ERROR,ERROR,ERROR,SYN,SYN,ERROR,SYN,ERROR,ERROR,ERROR,ERROR,ERROR,ERROR,ERROR,ERROR,ERROR,ERROR,ERROR,ERROR,ERROR,SYN,SYN,SYN,ERROR,ERROR,ERROR,
factor,SYN,SYN,SYN,SYN,ERROR,ERROR,ERROR,ERROR,ERROR,ERROR,ERROR,ERROR,ERROR,ERROR,ERROR,ERROR,ERROR,SYN,<factor> ---> TK_OP <arithmeticExpression> TK_CL ,SYN,ERROR,SYN,<factor> ---> <var> ,ERROR,ERROR,ERROR,<factor> ---> <var> ,<factor> ---> <var> ,ERROR,ERROR,ERROR,ERROR,ERROR,ERROR,ERROR,ERROR,SYN,SYN,ERROR,SYN,ERROR,ERROR,ERROR,ERROR,ERROR,ERROR,ERROR,ERROR,ERROR,ERROR,ERROR,ERROR,ERROR,SYN,SYN,SYN,ERROR,ERROR,ERROR,
booleanExpression,ERROR,ERROR,ERROR,ERROR,ERROR,ERROR,ERROR,ERROR,ERROR,ERROR,ERROR,ERROR,<booleanExpression> ---> TK_NOT TK_OP <booleanExpression> TK_CL ,ERROR,ERROR,ERROR,ERROR,SYN,<booleanExpression> ---> TK_OP <booleanExpression> TK_CL <logicalOp> TK_OP <booleanExpression> TK_CL ,SYN,ERROR,SYN,<booleanExpression> ---> <var> <relationalOp> <var> ,ERROR,ERROR,ERROR,<booleanExpression> ---> <var> <relationalOp> <var> ,<booleanExpression> ---> <var> <relationalOp> <var> ,ERROR,ERROR,ERROR,ERROR,ERROR,ERROR,ERROR,ERROR,SYN,SYN,ERROR,SYN,ERROR,ERROR,ERROR,ERROR,ERROR,ERROR,ERROR,ERROR,ERROR,ERROR,ERROR,ERROR,ERROR,SYN,SYN,SYN,ERROR,ERROR,ERROR,
highPrecedenceOperators,ERROR,ERROR,<highPrecedenceOperators> ---> TK_MUL ,<highPrecedenceOperators> ---> TK_DIV ,ERROR,ERROR,ERROR,ERROR,ERROR,ERROR,ERROR,ERROR,ERROR,ERROR,ERROR,ERROR,ERROR,SYN,ERROR,SYN,ERROR,SYN,ERROR,ERROR,ERROR,ERROR,ERROR,ERROR,ERROR,ERROR,ERROR,ERROR,ERROR,ERROR,ERROR,ERROR,SYN,SYN,ERROR,SYN,ERROR,ERROR,ERROR,ERROR,ERROR,ERROR,ERROR,ERROR,ERROR,ERROR,ERROR,ERROR,ERROR,SYN,SYN,SYN,ERROR,ERROR,ERROR,
lowPrecedenceOperators,<lowPrecedenceOperators> ---> TK_PLUS ,<lowPrecedenceOperators> ---> TK_MINUS ,ERROR,ERROR,ERROR,ERROR,ERROR,ERROR,ERROR,ERROR,ERROR,ERROR,ERROR,ERROR,ERROR,ERROR,ERROR,SYN,ERROR,SYN,ERROR,SYN,ERROR,ERROR,ERROR,ERROR,ERROR,ERROR,ERROR,ERROR,ERROR,ERROR,ERROR,ERROR,ERROR,ERROR,SYN,SYN,ERROR,SYN,ERROR,ERROR,ERROR,ERROR,ERROR,ERROR,ERROR,ERROR,ERROR,ERROR,ERROR,ERROR,ERROR,SYN,SYN,SYN,ERROR,ERROR,ERROR,
logicalOp,ERROR,ERROR,ERROR,ERROR,ERROR,ERROR,ERROR,ERROR,ERROR,ERROR,<logicalOp> ---> TK_AND ,<logicalOp> ---> TK_OR ,ERROR,ERROR,ERROR,ERROR,ERROR,SYN,ERROR,SYN,ERROR,SYN,ERROR,ERROR,ERROR,ERROR,ERROR,ERROR,ERROR,ERROR,ERROR,ERROR,ERROR,ERROR,ERROR,ERROR,SYN,SYN,ERROR,SYN,ERROR,ERROR,ERROR,ERROR,ERROR,ERROR,ERROR,ERROR,ERROR,ERROR,ERROR,ERROR,ERROR,SYN,SYN,SYN,ERROR,ERROR,ERROR,
relationalOp,ERROR,ERROR,ERROR,ERROR,<relationalOp> ---> TK_GT ,<relationalOp> ---> TK_LT ,<relationalOp> ---> TK_EQ ,<relationalOp> ---> TK_NE ,<relationalOp> ---> TK_LE ,<relationalOp> ---> TK_GE ,ERROR,ERROR,ERROR,ERROR,ERROR,ERROR,ERROR,SYN,ERROR,SYN,ERROR,SYN,ERROR,ERROR,ERROR,ERROR,ERROR,ERROR,ERROR,ERROR,ERROR,ERROR,ERROR,ERROR,ERROR,ERROR,SYN,SYN,ERROR,SYN,ERROR,ERROR,ERROR,ERROR,ERROR,ERROR,ERROR,ERROR,ERROR,ERROR,ERROR,ERROR,ERROR,SYN,SYN,SYN,ERROR,ERROR,ERROR,
var,SYN,SYN,SYN,SYN,SYN,SYN,SYN,SYN,SYN,SYN,ERROR,ERROR,ERROR,ERROR,ERROR,ERROR,ERROR,SYN,ERROR,SYN,ERROR,SYN,<var> ---> <singleOrRecId> ,ERROR,ERROR,ERROR,<var> ---> TK_NUM ,<var> ---> TK_RNUM ,ERROR,ERROR,ERROR,ERROR,ERROR,ERROR,ERROR,ERROR,SYN,SYN,ERROR,SYN,ERROR,ERROR,ERROR,ERROR,ERROR,ERROR,ERROR,ERROR,ERROR,ERROR,ERROR,ERROR,ERROR,SYN,SYN,SYN,ERROR,ERROR,ERROR,
idList,ERROR,ERROR,ERROR,ERROR,ERROR,ERROR,ERROR,ERROR,ERROR,ERROR,ERROR,ERROR,ERROR,ERROR,ERROR,ERROR,ERROR,SYN,ERROR,SYN,ERROR,SYN,<idList> ---> TK_ID <more_ids> ,ERROR,ERROR,ERROR,ERROR,ERROR,ERROR,ERROR,ERROR,ERROR,ERROR,ERROR,ERROR,ERROR,SYN,SYN,ERROR,SYN,ERROR,ERROR,ERROR,ERROR,ERROR,ERROR,ERROR,ERROR,ERROR,ERROR,ERROR,ERROR,ERROR,SYN,SYN,SYN,ERROR,ERROR,ERROR,
more_ids,ERROR,ERROR,ERROR,ERROR,ERROR,ERROR,ERROR,ERROR,ERROR,ERROR,ERROR,ERROR,ERROR,ERROR,ERROR,<more_ids> ---> TK_COMMA <idList> ,ERROR,SYN,ERROR,SYN,ERROR,<more_ids> ---> EPS ,ERROR,ERROR,ERROR,ERROR,ERROR,ERROR,ERROR,ERROR,ERROR,ERROR,ERROR,ERROR,ERROR,ERROR,SYN,SYN,ERROR,SYN,ERROR,ERROR,ERROR,ERROR,ERROR,ERROR,ERROR,ERROR,ERROR,ERROR,ERROR,ERROR,ERROR,SYN,SYN,SYN,ERROR,ERROR,ERROR,
singleOrRecId,ERROR,ERROR,ERROR,ERROR,ERROR,ERROR,ERROR,ERROR,ERROR,ERROR,ERROR,ERROR,ERROR,ERROR,ERROR,ERROR,ERROR,SYN,ERROR,SYN,ERROR,SYN,<singleOrRecId> ---> TK_ID <option_single_constructed> ,ERROR,ERROR,ERROR,ERROR,ERROR,ERROR,ERROR,ERROR,ERROR,ERROR,ERROR,ERROR,ERROR,SYN,SYN,ERROR,SYN,ERROR,ERROR,ERROR,ERROR,ERROR,ERROR,ERROR,ERROR,ERROR,ERROR,ERROR,ERROR,ERROR,SYN,SYN,SYN,ERROR,ERROR,ERROR,
option_single_constructed,<option_single_constructed> ---> EPS ,<option_single_constructed> ---> EPS ,<option_single_constructed> ---> EPS ,<option_single_constructed> ---> EPS ,<option_single_constructed> ---> EPS ,<option_single_constructed> ---> EPS ,<option_single_constructed> ---> EPS ,<option_single_constructed> ---> EPS ,<option_single_constructed> ---> EPS ,<option_single_constructed> ---> EPS ,ERROR,ERROR,ERROR,<option_single_constructed> ---> EPS ,<option_single_constructed> ---> <oneExpansion> <moreExpansions> ,ERROR,ERROR,<option_single_constructed> ---> EPS ,ERROR,<option_single_constructed> ---> EPS ,ERROR,SYN,ERROR,ERROR,ERROR,ERROR,ERROR,ERROR,ERROR,ERROR,ERROR,ERROR,ERROR,ERROR,ERROR,ERROR,SYN,SYN,ERROR,SYN,ERROR,ERROR,ERROR,ERROR,ERROR,ERROR,ERROR,ERROR,ERROR,ERROR,ERROR,ERROR,ERROR,SYN,SYN,SYN,ERROR,ERROR,ERROR,
A,ERROR,ERROR,ERROR,ERROR,ERROR,ERROR,ERROR,ERROR,ERROR,ERROR,ERROR,ERROR,ERROR,ERROR,ERROR,ERROR,ERROR,SYN,ERROR,SYN,ERROR,SYN,ERROR,ERROR,ERROR,ERROR,ERROR,ERROR,ERROR,ERROR,ERROR,<A> ---> TK_RECORD ,<A> ---> TK_UNION ,ERROR,ERROR,ERROR,SYN,SYN,ERROR,SYN,ERROR,ERROR,ERROR,ERROR,ERROR,ERROR,ERROR,ERROR,ERROR,ERROR,ERROR,ERROR,ERROR,SYN,SYN,SYN,ERROR,ERROR,ERROR,
remaining_list,ERROR,ERROR,ERROR,ERROR,ERROR,ERROR,ERROR,ERROR,ERROR,ERROR,ERROR,ERROR,ERROR,ERROR,ERROR,<remaining_list> ---> TK_COMMA <parameter_list> ,ERROR,SYN,ERROR,SYN,ERROR,<remaining_list> ---> EPS ,ERROR,ERROR,ERROR,ERROR,ERROR,ERROR,ERROR,ERROR,ERROR,ERROR,ERROR,ERROR,ERROR,ERROR,SYN,SYN,ERROR,SYN,ERROR,ERROR,ERROR,ERROR,ERROR,ERROR,ERROR,ERROR,ERROR,ERROR,ERROR,ERROR,ERROR,SYN,SYN,SYN,ERROR,ERROR,ERROR,
oneExpansion,ERROR,ERROR,ERROR,ERROR,ERROR,ERROR,ERROR,ERROR,ERROR,ERROR,ERROR,ERROR,ERROR,ERROR,<oneExpansion> ---> TK_DOT TK_FIELDID ,ERROR,ERROR,SYN,ERROR,SYN,ERROR,SYN,ERROR,ERROR,ERROR,ERROR,ERROR,ERROR,ERROR,ERROR,ERROR,ERROR,ERROR,ERROR,ERROR,ERROR,SYN,SYN,ERROR,SYN,ERROR,ERROR,ERROR,ERROR,ERROR,ERROR,ERROR,ERROR,ERROR,ERROR,ERROR,ERROR,ERROR,SYN,SYN,SYN,ERROR,ERROR,ERROR,
moreExpansions,<moreExpansions> ---> EPS ,<moreExpansions> ---> EPS ,<moreExpansions> ---> EPS ,<moreExpansions> ---> EPS ,<moreExpansions> ---> EPS ,<moreExpansions> ---> EPS ,<moreExpansions> ---> EPS ,<moreExpansions> ---> EPS ,<moreExpansions> ---> EPS ,<moreExpansions> ---> EPS ,ERROR,ERROR,ERROR,<moreExpansions> ---> EPS ,<moreExpansions> ---> <oneExpansion> <moreExpansions> ,ERROR,ERROR,<moreExpansions> ---> EPS ,ERROR,<moreExpansions> ---> EPS ,ERROR,SYN,ERROR,ERROR,ERROR,ERROR,ERROR,ERROR,ERROR,ERROR,ERROR,ERROR,ERROR,ERROR,ERROR,ERROR,SYN,SYN,ERROR,SYN,ERROR,ERROR,ERROR,ERROR,ERROR,ERROR,ERROR,ERROR,ERROR,ERROR,ERROR,ERROR,ERROR,SYN,SYN,SYN,ERROR,ERROR,ERROR,
